Image,Prediction
xxx00001.jpg,0
xxx00002.jpg,0
xxx00003.jpg,0
xxx00004.jpg,1
xxx00005.jpg,1
xxx00006.jpg,1
xxx00007.jpg,1
xxx00008.jpg,1
xxx00009.jpg,0
xxx00010.jpg,0
xxx00011.jpg,0
xxx00012.jpg,1
xxx00013.jpg,1
xxx00014.jpg,1
xxx00015.jpg,1
xxx00016.jpg,1
xxx00017.jpg,1
xxx00018.jpg,0
xxx00019.jpg,1
xxx00020.jpg,1
xxx00021.jpg,0
xxx00022.jpg,1
xxx00023.jpg,1
xxx00024.jpg,0
xxx00025.jpg,0
xxx00026.jpg,0
xxx00027.jpg,0
xxx00028.jpg,1
xxx00029.jpg,1
xxx00030.jpg,1
xxx00031.jpg,0
xxx00032.jpg,0
xxx00033.jpg,1
xxx00034.jpg,1
xxx00035.jpg,1
xxx00036.jpg,0
xxx00037.jpg,1
xxx00038.jpg,1
xxx00039.jpg,0
xxx00040.jpg,1
xxx00041.jpg,0
xxx00042.jpg,0
xxx00043.jpg,0
xxx00044.jpg,1
xxx00045.jpg,0
xxx00046.jpg,0
xxx00047.jpg,1
xxx00048.jpg,1
xxx00049.jpg,0
xxx00050.jpg,0
xxx00051.jpg,0
xxx00052.jpg,1
xxx00053.jpg,0
xxx00054.jpg,1
xxx00055.jpg,1
xxx00056.jpg,1
xxx00057.jpg,0
xxx00058.jpg,0
xxx00059.jpg,1
xxx00060.jpg,0
xxx00061.jpg,0
xxx00062.jpg,0
xxx00063.jpg,1
xxx00064.jpg,1
xxx00065.jpg,1
xxx00066.jpg,0
xxx00067.jpg,1
xxx00068.jpg,1
xxx00069.jpg,1
xxx00070.jpg,1
xxx00071.jpg,0
xxx00072.jpg,1
xxx00073.jpg,0
xxx00074.jpg,1
xxx00075.jpg,1
xxx00076.jpg,0
xxx00077.jpg,0
xxx00078.jpg,1
xxx00079.jpg,1
xxx00080.jpg,0
xxx00081.jpg,1
xxx00082.jpg,1
xxx00083.jpg,1
xxx00084.jpg,0
xxx00085.jpg,1
xxx00086.jpg,1
xxx00087.jpg,1
xxx00088.jpg,1
xxx00089.jpg,0
xxx00090.jpg,1
xxx00091.jpg,0
xxx00092.jpg,0
xxx00093.jpg,1
xxx00094.jpg,1
xxx00095.jpg,0
xxx00096.jpg,0
xxx00097.jpg,1
xxx00098.jpg,1
xxx00099.jpg,1
xxx00100.jpg,0
xxx00101.jpg,1
xxx00102.jpg,1
xxx00103.jpg,1
xxx00104.jpg,1
xxx00105.jpg,0
xxx00106.jpg,0
xxx00107.jpg,1
xxx00108.jpg,1
xxx00109.jpg,1
xxx00110.jpg,1
xxx00111.jpg,0
xxx00112.jpg,1
xxx00113.jpg,1
xxx00114.jpg,1
xxx00115.jpg,0
xxx00116.jpg,1
xxx00117.jpg,1
xxx00118.jpg,1
xxx00119.jpg,0
xxx00120.jpg,0
xxx00121.jpg,1
xxx00122.jpg,1
xxx00123.jpg,1
xxx00124.jpg,1
xxx00125.jpg,1
xxx00126.jpg,1
xxx00127.jpg,1
xxx00128.jpg,1
xxx00129.jpg,1
xxx00130.jpg,1
xxx00131.jpg,1
xxx00132.jpg,0
xxx00133.jpg,0
xxx00134.jpg,1
xxx00135.jpg,0
xxx00136.jpg,1
xxx00137.jpg,1
xxx00138.jpg,1
xxx00139.jpg,0
xxx00140.jpg,0
xxx00141.jpg,1
xxx00142.jpg,1
xxx00143.jpg,1
xxx00144.jpg,0
xxx00145.jpg,0
xxx00146.jpg,0
xxx00147.jpg,1
xxx00148.jpg,1
xxx00149.jpg,1
xxx00150.jpg,1
xxx00151.jpg,1
xxx00152.jpg,1
xxx00153.jpg,1
xxx00154.jpg,1
xxx00155.jpg,0
xxx00156.jpg,0
xxx00157.jpg,1
xxx00158.jpg,1
xxx00159.jpg,1
xxx00160.jpg,1
xxx00161.jpg,1
xxx00162.jpg,1
xxx00163.jpg,0
xxx00164.jpg,1
xxx00165.jpg,0
xxx00166.jpg,0
xxx00167.jpg,2
xxx00168.jpg,0
xxx00169.jpg,1
xxx00170.jpg,0
xxx00171.jpg,1
xxx00172.jpg,1
xxx00173.jpg,1
xxx00174.jpg,1
xxx00175.jpg,1
xxx00176.jpg,1
xxx00177.jpg,1
xxx00178.jpg,1
xxx00179.jpg,0
xxx00180.jpg,1
xxx00181.jpg,1
xxx00182.jpg,1
xxx00183.jpg,1
xxx00184.jpg,0
xxx00185.jpg,1
xxx00186.jpg,1
xxx00187.jpg,1
xxx00188.jpg,0
xxx00189.jpg,1
xxx00190.jpg,0
xxx00191.jpg,1
xxx00192.jpg,0
xxx00193.jpg,1
xxx00194.jpg,1
xxx00195.jpg,0
xxx00196.jpg,1
xxx00197.jpg,1
xxx00198.jpg,1
xxx00199.jpg,0
xxx00200.jpg,0
xxx00201.jpg,1
xxx00202.jpg,1
xxx00203.jpg,0
xxx00204.jpg,0
xxx00205.jpg,0
xxx00206.jpg,0
xxx00207.jpg,1
xxx00208.jpg,0
xxx00209.jpg,0
xxx00210.jpg,0
xxx00211.jpg,1
xxx00212.jpg,0
xxx00213.jpg,1
xxx00214.jpg,1
xxx00215.jpg,0
xxx00216.jpg,1
xxx00217.jpg,0
xxx00218.jpg,1
xxx00219.jpg,0
xxx00220.jpg,1
xxx00221.jpg,1
xxx00222.jpg,1
xxx00223.jpg,0
xxx00224.jpg,1
xxx00225.jpg,0
xxx00226.jpg,0
xxx00227.jpg,0
xxx00228.jpg,0
xxx00229.jpg,1
xxx00230.jpg,1
xxx00231.jpg,1
xxx00232.jpg,1
xxx00233.jpg,1
xxx00234.jpg,1
xxx00235.jpg,0
xxx00236.jpg,0
xxx00237.jpg,1
xxx00238.jpg,0
xxx00239.jpg,0
xxx00240.jpg,1
xxx00241.jpg,0
xxx00242.jpg,0
xxx00243.jpg,1
xxx00244.jpg,1
xxx00245.jpg,1
xxx00246.jpg,1
xxx00247.jpg,1
xxx00248.jpg,1
xxx00249.jpg,0
xxx00250.jpg,0
xxx00251.jpg,1
xxx00252.jpg,1
xxx00253.jpg,1
xxx00254.jpg,1
xxx00255.jpg,1
xxx00256.jpg,1
xxx00257.jpg,1
xxx00258.jpg,0
xxx00259.jpg,1
xxx00260.jpg,1
xxx00261.jpg,0
xxx00262.jpg,0
xxx00263.jpg,1
xxx00264.jpg,0
xxx00265.jpg,1
xxx00266.jpg,1
xxx00267.jpg,0
xxx00268.jpg,1
xxx00269.jpg,1
xxx00270.jpg,1
xxx00271.jpg,1
xxx00272.jpg,0
xxx00273.jpg,0
xxx00274.jpg,1
xxx00275.jpg,1
xxx00276.jpg,1
xxx00277.jpg,0
xxx00278.jpg,0
xxx00279.jpg,0
xxx00280.jpg,1
xxx00281.jpg,1
xxx00282.jpg,0
xxx00283.jpg,1
xxx00284.jpg,0
xxx00285.jpg,1
xxx00286.jpg,1
xxx00287.jpg,1
xxx00288.jpg,1
xxx00289.jpg,0
xxx00290.jpg,1
xxx00291.jpg,0
xxx00292.jpg,1
xxx00293.jpg,1
xxx00294.jpg,1
xxx00295.jpg,1
xxx00296.jpg,1
xxx00297.jpg,0
xxx00298.jpg,1
xxx00299.jpg,1
xxx00300.jpg,1
xxx00301.jpg,0
xxx00302.jpg,1
xxx00303.jpg,1
xxx00304.jpg,2
xxx00305.jpg,1
xxx00306.jpg,0
xxx00307.jpg,0
xxx00308.jpg,0
xxx00309.jpg,1
xxx00310.jpg,1
xxx00311.jpg,1
xxx00312.jpg,0
xxx00313.jpg,1
xxx00314.jpg,0
xxx00315.jpg,1
xxx00316.jpg,1
xxx00317.jpg,1
xxx00318.jpg,1
xxx00319.jpg,0
xxx00320.jpg,1
xxx00321.jpg,0
xxx00322.jpg,0
xxx00323.jpg,1
xxx00324.jpg,1
xxx00325.jpg,0
xxx00326.jpg,1
xxx00327.jpg,1
xxx00328.jpg,0
xxx00329.jpg,1
xxx00330.jpg,0
xxx00331.jpg,0
xxx00332.jpg,1
xxx00333.jpg,1
xxx00334.jpg,1
xxx00335.jpg,1
xxx00336.jpg,0
xxx00337.jpg,1
xxx00338.jpg,0
xxx00339.jpg,1
xxx00340.jpg,0
xxx00341.jpg,0
xxx00342.jpg,1
xxx00343.jpg,0
xxx00344.jpg,1
xxx00345.jpg,0
xxx00346.jpg,1
xxx00347.jpg,1
xxx00348.jpg,1
xxx00349.jpg,1
xxx00350.jpg,1
xxx00351.jpg,0
xxx00352.jpg,0
xxx00353.jpg,0
xxx00354.jpg,0
xxx00355.jpg,1
xxx00356.jpg,1
xxx00357.jpg,0
xxx00358.jpg,0
xxx00359.jpg,1
xxx00360.jpg,1
xxx00361.jpg,1
xxx00362.jpg,0
xxx00363.jpg,1
xxx00364.jpg,0
xxx00365.jpg,1
xxx00366.jpg,0
xxx00367.jpg,0
xxx00368.jpg,1
xxx00369.jpg,1
xxx00370.jpg,1
xxx00371.jpg,1
xxx00372.jpg,0
xxx00373.jpg,1
xxx00374.jpg,0
xxx00375.jpg,1
xxx00376.jpg,1
xxx00377.jpg,1
xxx00378.jpg,0
xxx00379.jpg,0
xxx00380.jpg,1
xxx00381.jpg,0
xxx00382.jpg,1
xxx00383.jpg,0
xxx00384.jpg,1
xxx00385.jpg,0
xxx00386.jpg,1
xxx00387.jpg,1
xxx00388.jpg,0
xxx00389.jpg,1
xxx00390.jpg,1
xxx00391.jpg,1
xxx00392.jpg,0
xxx00393.jpg,1
xxx00394.jpg,0
xxx00395.jpg,0
xxx00396.jpg,1
xxx00397.jpg,1
xxx00398.jpg,0
xxx00399.jpg,0
xxx00400.jpg,1
xxx00401.jpg,0
xxx00402.jpg,1
xxx00403.jpg,1
xxx00404.jpg,0
xxx00405.jpg,0
xxx00406.jpg,1
xxx00407.jpg,1
xxx00408.jpg,1
xxx00409.jpg,1
xxx00410.jpg,0
xxx00411.jpg,1
xxx00412.jpg,0
xxx00413.jpg,1
xxx00414.jpg,0
xxx00415.jpg,0
xxx00416.jpg,0
xxx00417.jpg,0
xxx00418.jpg,0
xxx00419.jpg,1
xxx00420.jpg,0
xxx00421.jpg,1
xxx00422.jpg,1
xxx00423.jpg,1
xxx00424.jpg,0
xxx00425.jpg,1
xxx00426.jpg,1
xxx00427.jpg,0
xxx00428.jpg,1
xxx00429.jpg,0
xxx00430.jpg,0
xxx00431.jpg,1
xxx00432.jpg,1
xxx00433.jpg,1
xxx00434.jpg,0
xxx00435.jpg,1
xxx00436.jpg,1
xxx00437.jpg,1
xxx00438.jpg,1
xxx00439.jpg,0
xxx00440.jpg,0
xxx00441.jpg,0
xxx00442.jpg,1
xxx00443.jpg,1
xxx00444.jpg,1
xxx00445.jpg,0
xxx00446.jpg,1
xxx00447.jpg,0
xxx00448.jpg,1
xxx00449.jpg,1
xxx00450.jpg,1
xxx00451.jpg,1
xxx00452.jpg,1
xxx00453.jpg,0
xxx00454.jpg,1
xxx00455.jpg,1
xxx00456.jpg,1
xxx00457.jpg,1
xxx00458.jpg,1
xxx00459.jpg,0
xxx00460.jpg,0
xxx00461.jpg,1
xxx00462.jpg,0
xxx00463.jpg,0
xxx00464.jpg,1
xxx00465.jpg,1
xxx00466.jpg,2
xxx00467.jpg,0
xxx00468.jpg,0
xxx00469.jpg,1
xxx00470.jpg,0
xxx00471.jpg,1
xxx00472.jpg,0
xxx00473.jpg,1
xxx00474.jpg,1
xxx00475.jpg,1
xxx00476.jpg,0
xxx00477.jpg,0
xxx00478.jpg,0
xxx00479.jpg,1
xxx00480.jpg,1
xxx00481.jpg,0
xxx00482.jpg,1
xxx00483.jpg,0
xxx00484.jpg,1
xxx00485.jpg,1
xxx00486.jpg,0
xxx00487.jpg,1
xxx00488.jpg,1
xxx00489.jpg,1
xxx00490.jpg,1
xxx00491.jpg,0
xxx00492.jpg,0
xxx00493.jpg,0
xxx00494.jpg,1
xxx00495.jpg,0
xxx00496.jpg,1
xxx00497.jpg,1
xxx00498.jpg,1
xxx00499.jpg,1
xxx00500.jpg,0
xxx00501.jpg,0
xxx00502.jpg,0
xxx00503.jpg,0
xxx00504.jpg,0
xxx00505.jpg,1
xxx00506.jpg,0
xxx00507.jpg,1
xxx00508.jpg,1
xxx00509.jpg,1
xxx00510.jpg,0
xxx00511.jpg,0
xxx00512.jpg,1
xxx00513.jpg,1
xxx00514.jpg,0
xxx00515.jpg,1
xxx00516.jpg,1
xxx00517.jpg,1
xxx00518.jpg,1
xxx00519.jpg,0
xxx00520.jpg,1
xxx00521.jpg,0
xxx00522.jpg,1
xxx00523.jpg,0
xxx00524.jpg,0
xxx00525.jpg,1
xxx00526.jpg,1
xxx00527.jpg,0
xxx00528.jpg,0
xxx00529.jpg,1
xxx00530.jpg,1
xxx00531.jpg,1
xxx00532.jpg,0
xxx00533.jpg,1
xxx00534.jpg,1
xxx00535.jpg,1
xxx00536.jpg,0
xxx00537.jpg,1
xxx00538.jpg,1
xxx00539.jpg,1
xxx00540.jpg,0
xxx00541.jpg,1
xxx00542.jpg,1
xxx00543.jpg,0
xxx00544.jpg,0
xxx00545.jpg,0
xxx00546.jpg,1
xxx00547.jpg,0
xxx00548.jpg,0
xxx00549.jpg,0
xxx00550.jpg,1
xxx00551.jpg,0
xxx00552.jpg,1
xxx00553.jpg,1
xxx00554.jpg,0
xxx00555.jpg,1
xxx00556.jpg,0
xxx00557.jpg,1
xxx00558.jpg,1
xxx00559.jpg,0
xxx00560.jpg,0
xxx00561.jpg,1
xxx00562.jpg,1
xxx00563.jpg,0
xxx00564.jpg,1
xxx00565.jpg,0
xxx00566.jpg,1
xxx00567.jpg,0
xxx00568.jpg,1
xxx00569.jpg,0
xxx00570.jpg,1
xxx00571.jpg,1
xxx00572.jpg,1
xxx00573.jpg,1
xxx00574.jpg,1
xxx00575.jpg,0
xxx00576.jpg,1
xxx00577.jpg,0
xxx00578.jpg,0
xxx00579.jpg,1
xxx00580.jpg,1
xxx00581.jpg,1
xxx00582.jpg,1
xxx00583.jpg,1
xxx00584.jpg,1
xxx00585.jpg,1
xxx00586.jpg,1
xxx00587.jpg,1
xxx00588.jpg,0
xxx00589.jpg,1
xxx00590.jpg,1
xxx00591.jpg,1
xxx00592.jpg,1
xxx00593.jpg,1
xxx00594.jpg,2
xxx00595.jpg,1
xxx00596.jpg,0
xxx00597.jpg,0
xxx00598.jpg,0
xxx00599.jpg,1
xxx00600.jpg,1
xxx00601.jpg,1
xxx00602.jpg,0
xxx00603.jpg,1
xxx00604.jpg,1
xxx00605.jpg,1
xxx00606.jpg,1
xxx00607.jpg,0
xxx00608.jpg,1
xxx00609.jpg,1
xxx00610.jpg,1
xxx00611.jpg,1
xxx00612.jpg,0
xxx00613.jpg,0
xxx00614.jpg,0
xxx00615.jpg,1
xxx00616.jpg,1
xxx00617.jpg,1
xxx00618.jpg,0
xxx00619.jpg,1
xxx00620.jpg,1
xxx00621.jpg,0
xxx00622.jpg,0
xxx00623.jpg,1
xxx00624.jpg,1
xxx00625.jpg,1
xxx00626.jpg,0
xxx00627.jpg,1
xxx00628.jpg,0
xxx00629.jpg,0
xxx00630.jpg,1
xxx00631.jpg,1
xxx00632.jpg,1
xxx00633.jpg,1
xxx00634.jpg,0
xxx00635.jpg,1
xxx00636.jpg,0
xxx00637.jpg,1
xxx00638.jpg,1
xxx00639.jpg,0
xxx00640.jpg,0
xxx00641.jpg,1
xxx00642.jpg,1
xxx00643.jpg,1
xxx00644.jpg,1
xxx00645.jpg,0
xxx00646.jpg,1
xxx00647.jpg,1
xxx00648.jpg,1
xxx00649.jpg,1
xxx00650.jpg,1
xxx00651.jpg,0
xxx00652.jpg,1
xxx00653.jpg,0
xxx00654.jpg,0
xxx00655.jpg,1
xxx00656.jpg,1
xxx00657.jpg,1
xxx00658.jpg,1
xxx00659.jpg,0
xxx00660.jpg,1
xxx00661.jpg,1
xxx00662.jpg,1
xxx00663.jpg,1
xxx00664.jpg,0
xxx00665.jpg,1
xxx00666.jpg,1
xxx00667.jpg,1
xxx00668.jpg,1
xxx00669.jpg,1
xxx00670.jpg,0
xxx00671.jpg,1
xxx00672.jpg,1
xxx00673.jpg,1
xxx00674.jpg,0
xxx00675.jpg,1
xxx00676.jpg,1
xxx00677.jpg,1
xxx00678.jpg,0
xxx00679.jpg,0
xxx00680.jpg,1
xxx00681.jpg,0
xxx00682.jpg,1
xxx00683.jpg,1
xxx00684.jpg,1
xxx00685.jpg,0
xxx00686.jpg,0
xxx00687.jpg,1
xxx00688.jpg,0
xxx00689.jpg,1
xxx00690.jpg,1
xxx00691.jpg,1
xxx00692.jpg,0
xxx00693.jpg,0
xxx00694.jpg,0
xxx00695.jpg,1
xxx00696.jpg,0
xxx00697.jpg,0
xxx00698.jpg,1
xxx00699.jpg,0
xxx00700.jpg,0
xxx00701.jpg,1
xxx00702.jpg,1
xxx00703.jpg,1
xxx00704.jpg,1
xxx00705.jpg,1
xxx00706.jpg,0
xxx00707.jpg,0
xxx00708.jpg,1
xxx00709.jpg,1
xxx00710.jpg,0
xxx00711.jpg,1
xxx00712.jpg,1
xxx00713.jpg,1
xxx00714.jpg,1
xxx00715.jpg,0
xxx00716.jpg,0
xxx00717.jpg,1
xxx00718.jpg,1
xxx00719.jpg,0
xxx00720.jpg,1
xxx00721.jpg,0
xxx00722.jpg,0
xxx00723.jpg,1
xxx00724.jpg,0
xxx00725.jpg,0
xxx00726.jpg,1
xxx00727.jpg,0
xxx00728.jpg,1
xxx00729.jpg,1
xxx00730.jpg,0
xxx00731.jpg,1
xxx00732.jpg,1
xxx00733.jpg,0
xxx00734.jpg,0
xxx00735.jpg,1
xxx00736.jpg,1
xxx00737.jpg,0
xxx00738.jpg,1
xxx00739.jpg,0
xxx00740.jpg,1
xxx00741.jpg,1
xxx00742.jpg,1
xxx00743.jpg,1
xxx00744.jpg,0
xxx00745.jpg,0
xxx00746.jpg,1
xxx00747.jpg,1
xxx00748.jpg,1
xxx00749.jpg,1
xxx00750.jpg,0
xxx00751.jpg,1
xxx00752.jpg,0
xxx00753.jpg,1
xxx00754.jpg,0
xxx00755.jpg,0
xxx00756.jpg,1
xxx00757.jpg,1
xxx00758.jpg,1
xxx00759.jpg,0
xxx00760.jpg,1
xxx00761.jpg,1
xxx00762.jpg,1
xxx00763.jpg,1
xxx00764.jpg,1
xxx00765.jpg,1
xxx00766.jpg,0
xxx00767.jpg,0
xxx00768.jpg,1
xxx00769.jpg,0
xxx00770.jpg,1
xxx00771.jpg,1
xxx00772.jpg,0
xxx00773.jpg,1
xxx00774.jpg,0
xxx00775.jpg,0
xxx00776.jpg,0
xxx00777.jpg,0
xxx00778.jpg,0
xxx00779.jpg,1
xxx00780.jpg,0
xxx00781.jpg,1
xxx00782.jpg,1
xxx00783.jpg,1
xxx00784.jpg,1
xxx00785.jpg,0
xxx00786.jpg,1
xxx00787.jpg,1
xxx00788.jpg,0
xxx00789.jpg,1
xxx00790.jpg,0
xxx00791.jpg,1
xxx00792.jpg,0
xxx00793.jpg,0
xxx00794.jpg,1
xxx00795.jpg,1
xxx00796.jpg,1
xxx00797.jpg,1
xxx00798.jpg,1
xxx00799.jpg,0
xxx00800.jpg,1
xxx00801.jpg,1
xxx00802.jpg,0
xxx00803.jpg,0
xxx00804.jpg,1
xxx00805.jpg,1
xxx00806.jpg,1
xxx00807.jpg,0
xxx00808.jpg,1
xxx00809.jpg,1
xxx00810.jpg,0
xxx00811.jpg,2
xxx00812.jpg,0
xxx00813.jpg,1
xxx00814.jpg,1
xxx00815.jpg,1
xxx00816.jpg,0
xxx00817.jpg,0
xxx00818.jpg,1
xxx00819.jpg,1
xxx00820.jpg,0
xxx00821.jpg,1
xxx00822.jpg,1
xxx00823.jpg,0
xxx00824.jpg,1
xxx00825.jpg,1
xxx00826.jpg,0
xxx00827.jpg,0
xxx00828.jpg,0
xxx00829.jpg,1
xxx00830.jpg,1
xxx00831.jpg,1
xxx00832.jpg,0
xxx00833.jpg,1
xxx00834.jpg,1
xxx00835.jpg,0
xxx00836.jpg,1
xxx00837.jpg,1
xxx00838.jpg,1
xxx00839.jpg,1
xxx00840.jpg,1
xxx00841.jpg,1
xxx00842.jpg,1
xxx00843.jpg,1
xxx00844.jpg,0
xxx00845.jpg,1
xxx00846.jpg,1
xxx00847.jpg,1
xxx00848.jpg,1
xxx00849.jpg,1
xxx00850.jpg,0
xxx00851.jpg,0
xxx00852.jpg,1
xxx00853.jpg,1
xxx00854.jpg,1
xxx00855.jpg,1
xxx00856.jpg,0
xxx00857.jpg,1
xxx00858.jpg,0
xxx00859.jpg,1
xxx00860.jpg,1
xxx00861.jpg,1
xxx00862.jpg,1
xxx00863.jpg,1
xxx00864.jpg,0
xxx00865.jpg,0
xxx00866.jpg,1
xxx00867.jpg,0
xxx00868.jpg,0
xxx00869.jpg,0
xxx00870.jpg,1
xxx00871.jpg,0
xxx00872.jpg,0
xxx00873.jpg,1
xxx00874.jpg,1
xxx00875.jpg,1
xxx00876.jpg,0
xxx00877.jpg,1
xxx00878.jpg,1
xxx00879.jpg,1
xxx00880.jpg,1
xxx00881.jpg,1
xxx00882.jpg,0
xxx00883.jpg,1
xxx00884.jpg,0
xxx00885.jpg,0
xxx00886.jpg,0
xxx00887.jpg,1
xxx00888.jpg,0
xxx00889.jpg,0
xxx00890.jpg,1
xxx00891.jpg,1
xxx00892.jpg,0
xxx00893.jpg,1
xxx00894.jpg,0
xxx00895.jpg,1
xxx00896.jpg,1
xxx00897.jpg,1
xxx00898.jpg,1
xxx00899.jpg,1
xxx00900.jpg,1
xxx00901.jpg,1
xxx00902.jpg,1
xxx00903.jpg,1
xxx00904.jpg,0
xxx00905.jpg,1
xxx00906.jpg,0
xxx00907.jpg,1
xxx00908.jpg,1
xxx00909.jpg,1
xxx00910.jpg,1
xxx00911.jpg,1
xxx00912.jpg,1
xxx00913.jpg,1
xxx00914.jpg,1
xxx00915.jpg,1
xxx00916.jpg,0
xxx00917.jpg,1
xxx00918.jpg,0
xxx00919.jpg,1
xxx00920.jpg,1
xxx00921.jpg,1
xxx00922.jpg,1
xxx00923.jpg,1
xxx00924.jpg,1
xxx00925.jpg,1
xxx00926.jpg,0
xxx00927.jpg,0
xxx00928.jpg,0
xxx00929.jpg,2
xxx00930.jpg,0
xxx00931.jpg,1
xxx00932.jpg,0
xxx00933.jpg,1
xxx00934.jpg,1
xxx00935.jpg,1
xxx00936.jpg,0
xxx00937.jpg,1
xxx00938.jpg,0
xxx00939.jpg,1
xxx00940.jpg,1
xxx00941.jpg,1
xxx00942.jpg,1
xxx00943.jpg,1
xxx00944.jpg,0
xxx00945.jpg,1
xxx00946.jpg,1
xxx00947.jpg,1
xxx00948.jpg,1
xxx00949.jpg,1
xxx00950.jpg,1
xxx00951.jpg,1
xxx00952.jpg,1
xxx00953.jpg,1
xxx00954.jpg,1
xxx00955.jpg,0
xxx00956.jpg,0
xxx00957.jpg,1
xxx00958.jpg,1
xxx00959.jpg,1
xxx00960.jpg,0
xxx00961.jpg,1
xxx00962.jpg,1
xxx00963.jpg,1
xxx00964.jpg,0
xxx00965.jpg,1
xxx00966.jpg,1
xxx00967.jpg,1
xxx00968.jpg,1
xxx00969.jpg,1
xxx00970.jpg,0
xxx00971.jpg,1
xxx00972.jpg,1
xxx00973.jpg,1
xxx00974.jpg,0
xxx00975.jpg,1
xxx00976.jpg,0
xxx00977.jpg,0
xxx00978.jpg,1
xxx00979.jpg,0
xxx00980.jpg,0
xxx00981.jpg,1
xxx00982.jpg,0
xxx00983.jpg,1
xxx00984.jpg,1
xxx00985.jpg,0
xxx00986.jpg,1
xxx00987.jpg,1
xxx00988.jpg,0
xxx00989.jpg,0
xxx00990.jpg,1
xxx00991.jpg,1
xxx00992.jpg,0
xxx00993.jpg,1
xxx00994.jpg,1
xxx00995.jpg,1
xxx00996.jpg,0
xxx00997.jpg,0
xxx00998.jpg,1
xxx00999.jpg,1
xxx01000.jpg,2
xxx01001.jpg,1
xxx01002.jpg,1
xxx01003.jpg,1
xxx01004.jpg,0
xxx01005.jpg,0
xxx01006.jpg,0
xxx01007.jpg,0
xxx01008.jpg,1
xxx01009.jpg,1
xxx01010.jpg,0
xxx01011.jpg,0
xxx01012.jpg,0
xxx01013.jpg,0
xxx01014.jpg,1
xxx01015.jpg,0
xxx01016.jpg,0
xxx01017.jpg,0
xxx01018.jpg,1
xxx01019.jpg,0
xxx01020.jpg,1
xxx01021.jpg,0
xxx01022.jpg,0
xxx01023.jpg,1
xxx01024.jpg,1
xxx01025.jpg,1
xxx01026.jpg,0
xxx01027.jpg,1
xxx01028.jpg,1
xxx01029.jpg,0
xxx01030.jpg,0
xxx01031.jpg,0
xxx01032.jpg,0
xxx01033.jpg,1
xxx01034.jpg,1
xxx01035.jpg,0
xxx01036.jpg,0
xxx01037.jpg,1
xxx01038.jpg,0
xxx01039.jpg,1
xxx01040.jpg,1
xxx01041.jpg,1
xxx01042.jpg,1
xxx01043.jpg,0
xxx01044.jpg,1
xxx01045.jpg,1
xxx01046.jpg,0
xxx01047.jpg,0
xxx01048.jpg,1
xxx01049.jpg,0
xxx01050.jpg,1
xxx01051.jpg,1
xxx01052.jpg,1
xxx01053.jpg,0
xxx01054.jpg,1
xxx01055.jpg,1
xxx01056.jpg,1
xxx01057.jpg,1
xxx01058.jpg,1
xxx01059.jpg,0
xxx01060.jpg,1
xxx01061.jpg,0
xxx01062.jpg,1
xxx01063.jpg,1
xxx01064.jpg,0
xxx01065.jpg,0
xxx01066.jpg,1
xxx01067.jpg,0
xxx01068.jpg,1
xxx01069.jpg,1
xxx01070.jpg,0
xxx01071.jpg,0
xxx01072.jpg,0
xxx01073.jpg,1
xxx01074.jpg,1
xxx01075.jpg,1
xxx01076.jpg,1
xxx01077.jpg,1
xxx01078.jpg,1
xxx01079.jpg,1
xxx01080.jpg,0
xxx01081.jpg,0
xxx01082.jpg,0
xxx01083.jpg,1
xxx01084.jpg,1
xxx01085.jpg,1
xxx01086.jpg,0
xxx01087.jpg,0
xxx01088.jpg,1
xxx01089.jpg,0
xxx01090.jpg,0
xxx01091.jpg,1
xxx01092.jpg,1
xxx01093.jpg,1
xxx01094.jpg,0
xxx01095.jpg,0
xxx01096.jpg,0
xxx01097.jpg,0
xxx01098.jpg,0
xxx01099.jpg,1
xxx01100.jpg,0
xxx01101.jpg,1
xxx01102.jpg,1
xxx01103.jpg,1
xxx01104.jpg,0
xxx01105.jpg,1
xxx01106.jpg,0
xxx01107.jpg,1
xxx01108.jpg,1
xxx01109.jpg,1
xxx01110.jpg,1
xxx01111.jpg,0
xxx01112.jpg,1
xxx01113.jpg,1
xxx01114.jpg,1
xxx01115.jpg,1
xxx01116.jpg,1
xxx01117.jpg,1
xxx01118.jpg,0
xxx01119.jpg,0
xxx01120.jpg,1
xxx01121.jpg,1
xxx01122.jpg,1
xxx01123.jpg,0
xxx01124.jpg,1
xxx01125.jpg,1
xxx01126.jpg,0
xxx01127.jpg,1
xxx01128.jpg,0
xxx01129.jpg,1
xxx01130.jpg,0
xxx01131.jpg,1
xxx01132.jpg,1
xxx01133.jpg,0
xxx01134.jpg,2
xxx01135.jpg,1
xxx01136.jpg,1
xxx01137.jpg,1
xxx01138.jpg,1
xxx01139.jpg,1
xxx01140.jpg,1
xxx01141.jpg,0
xxx01142.jpg,1
xxx01143.jpg,0
xxx01144.jpg,0
xxx01145.jpg,1
xxx01146.jpg,1
xxx01147.jpg,0
xxx01148.jpg,1
xxx01149.jpg,0
xxx01150.jpg,1
xxx01151.jpg,0
xxx01152.jpg,0
xxx01153.jpg,1
xxx01154.jpg,1
xxx01155.jpg,0
xxx01156.jpg,1
xxx01157.jpg,0
xxx01158.jpg,0
xxx01159.jpg,1
xxx01160.jpg,0
xxx01161.jpg,0
xxx01162.jpg,1
xxx01163.jpg,1
xxx01164.jpg,1
xxx01165.jpg,0
xxx01166.jpg,1
xxx01167.jpg,2
xxx01168.jpg,1
xxx01169.jpg,1
xxx01170.jpg,1
xxx01171.jpg,1
xxx01172.jpg,1
xxx01173.jpg,0
xxx01174.jpg,1
xxx01175.jpg,1
xxx01176.jpg,1
xxx01177.jpg,1
xxx01178.jpg,1
xxx01179.jpg,1
xxx01180.jpg,1
xxx01181.jpg,1
xxx01182.jpg,0
xxx01183.jpg,1
xxx01184.jpg,2
xxx01185.jpg,1
xxx01186.jpg,0
xxx01187.jpg,1
xxx01188.jpg,0
xxx01189.jpg,0
xxx01190.jpg,1
xxx01191.jpg,1
xxx01192.jpg,0
xxx01193.jpg,0
xxx01194.jpg,0
xxx01195.jpg,0
xxx01196.jpg,1
xxx01197.jpg,1
xxx01198.jpg,1
xxx01199.jpg,0
xxx01200.jpg,1
xxx01201.jpg,1
xxx01202.jpg,1
xxx01203.jpg,1
xxx01204.jpg,1
xxx01205.jpg,0
xxx01206.jpg,0
xxx01207.jpg,1
xxx01208.jpg,0
xxx01209.jpg,1
xxx01210.jpg,1
xxx01211.jpg,1
xxx01212.jpg,0
xxx01213.jpg,0
xxx01214.jpg,1
xxx01215.jpg,1
xxx01216.jpg,1
xxx01217.jpg,0
xxx01218.jpg,1
xxx01219.jpg,0
xxx01220.jpg,0
xxx01221.jpg,1
xxx01222.jpg,0
xxx01223.jpg,1
xxx01224.jpg,1
xxx01225.jpg,1
xxx01226.jpg,0
xxx01227.jpg,1
xxx01228.jpg,1
xxx01229.jpg,0
xxx01230.jpg,1
xxx01231.jpg,0
xxx01232.jpg,1
xxx01233.jpg,1
xxx01234.jpg,1
xxx01235.jpg,0
xxx01236.jpg,1
xxx01237.jpg,1
xxx01238.jpg,1
xxx01239.jpg,0
xxx01240.jpg,1
xxx01241.jpg,0
xxx01242.jpg,0
xxx01243.jpg,1
xxx01244.jpg,1
xxx01245.jpg,0
xxx01246.jpg,0
xxx01247.jpg,1
xxx01248.jpg,1
xxx01249.jpg,1
xxx01250.jpg,1
xxx01251.jpg,1
xxx01252.jpg,1
xxx01253.jpg,1
xxx01254.jpg,1
xxx01255.jpg,1
xxx01256.jpg,1
xxx01257.jpg,1
xxx01258.jpg,1
xxx01259.jpg,0
xxx01260.jpg,1
xxx01261.jpg,1
xxx01262.jpg,1
xxx01263.jpg,0
xxx01264.jpg,1
xxx01265.jpg,1
xxx01266.jpg,0
xxx01267.jpg,0
xxx01268.jpg,1
xxx01269.jpg,1
xxx01270.jpg,0
xxx01271.jpg,0
xxx01272.jpg,1
xxx01273.jpg,0
xxx01274.jpg,0
xxx01275.jpg,1
xxx01276.jpg,1
xxx01277.jpg,0
xxx01278.jpg,0
xxx01279.jpg,1
xxx01280.jpg,1
xxx01281.jpg,1
xxx01282.jpg,0
xxx01283.jpg,0
xxx01284.jpg,1
xxx01285.jpg,0
xxx01286.jpg,1
xxx01287.jpg,1
xxx01288.jpg,1
xxx01289.jpg,0
xxx01290.jpg,0
xxx01291.jpg,1
xxx01292.jpg,1
xxx01293.jpg,1
xxx01294.jpg,1
xxx01295.jpg,1
xxx01296.jpg,0
xxx01297.jpg,1
xxx01298.jpg,1
xxx01299.jpg,1
xxx01300.jpg,2
xxx01301.jpg,1
xxx01302.jpg,1
xxx01303.jpg,1
xxx01304.jpg,0
xxx01305.jpg,1
xxx01306.jpg,1
xxx01307.jpg,0
xxx01308.jpg,1
xxx01309.jpg,0
xxx01310.jpg,1
xxx01311.jpg,1
xxx01312.jpg,0
xxx01313.jpg,1
xxx01314.jpg,1
xxx01315.jpg,2
xxx01316.jpg,1
xxx01317.jpg,0
xxx01318.jpg,0
xxx01319.jpg,0
xxx01320.jpg,0
xxx01321.jpg,1
xxx01322.jpg,0
xxx01323.jpg,1
xxx01324.jpg,1
xxx01325.jpg,1
xxx01326.jpg,1
xxx01327.jpg,1
xxx01328.jpg,1
xxx01329.jpg,0
xxx01330.jpg,1
xxx01331.jpg,0
xxx01332.jpg,1
xxx01333.jpg,0
xxx01334.jpg,0
xxx01335.jpg,1
xxx01336.jpg,1
xxx01337.jpg,1
xxx01338.jpg,1
xxx01339.jpg,1
xxx01340.jpg,1
xxx01341.jpg,1
xxx01342.jpg,0
xxx01343.jpg,1
xxx01344.jpg,1
xxx01345.jpg,1
xxx01346.jpg,0
xxx01347.jpg,0
xxx01348.jpg,0
xxx01349.jpg,0
xxx01350.jpg,1
xxx01351.jpg,0
xxx01352.jpg,1
xxx01353.jpg,0
xxx01354.jpg,0
xxx01355.jpg,0
xxx01356.jpg,0
xxx01357.jpg,1
xxx01358.jpg,1
xxx01359.jpg,1
xxx01360.jpg,0
xxx01361.jpg,0
xxx01362.jpg,0
xxx01363.jpg,0
xxx01364.jpg,1
xxx01365.jpg,0
xxx01366.jpg,0
xxx01367.jpg,1
xxx01368.jpg,0
xxx01369.jpg,1
xxx01370.jpg,1
xxx01371.jpg,0
xxx01372.jpg,0
xxx01373.jpg,0
xxx01374.jpg,0
xxx01375.jpg,0
xxx01376.jpg,0
xxx01377.jpg,1
xxx01378.jpg,1
xxx01379.jpg,1
xxx01380.jpg,1
xxx01381.jpg,0
xxx01382.jpg,2
xxx01383.jpg,1
xxx01384.jpg,0
xxx01385.jpg,0
xxx01386.jpg,1
xxx01387.jpg,0
xxx01388.jpg,0
xxx01389.jpg,0
xxx01390.jpg,0
xxx01391.jpg,1
xxx01392.jpg,1
xxx01393.jpg,0
xxx01394.jpg,1
xxx01395.jpg,1
xxx01396.jpg,1
xxx01397.jpg,0
xxx01398.jpg,1
xxx01399.jpg,1
xxx01400.jpg,1
xxx01401.jpg,0
xxx01402.jpg,1
xxx01403.jpg,1
xxx01404.jpg,0
xxx01405.jpg,0
xxx01406.jpg,1
xxx01407.jpg,1
xxx01408.jpg,0
xxx01409.jpg,1
xxx01410.jpg,1
xxx01411.jpg,0
xxx01412.jpg,1
xxx01413.jpg,0
xxx01414.jpg,1
xxx01415.jpg,1
xxx01416.jpg,0
xxx01417.jpg,1
xxx01418.jpg,1
xxx01419.jpg,1
xxx01420.jpg,1
xxx01421.jpg,0
xxx01422.jpg,1
xxx01423.jpg,1
xxx01424.jpg,1
xxx01425.jpg,0
xxx01426.jpg,1
xxx01427.jpg,1
xxx01428.jpg,0
xxx01429.jpg,1
xxx01430.jpg,1
xxx01431.jpg,1
xxx01432.jpg,1
xxx01433.jpg,1
xxx01434.jpg,1
xxx01435.jpg,1
xxx01436.jpg,0
xxx01437.jpg,1
xxx01438.jpg,1
xxx01439.jpg,1
xxx01440.jpg,1
xxx01441.jpg,0
xxx01442.jpg,0
xxx01443.jpg,1
xxx01444.jpg,0
xxx01445.jpg,0
xxx01446.jpg,1
xxx01447.jpg,0
xxx01448.jpg,1
xxx01449.jpg,1
xxx01450.jpg,1
xxx01451.jpg,1
xxx01452.jpg,1
xxx01453.jpg,1
xxx01454.jpg,0
xxx01455.jpg,0
xxx01456.jpg,0
xxx01457.jpg,1
xxx01458.jpg,1
xxx01459.jpg,1
xxx01460.jpg,1
xxx01461.jpg,1
xxx01462.jpg,1
xxx01463.jpg,1
xxx01464.jpg,1
xxx01465.jpg,1
xxx01466.jpg,0
xxx01467.jpg,0
xxx01468.jpg,0
xxx01469.jpg,1
xxx01470.jpg,1
xxx01471.jpg,1
xxx01472.jpg,1
xxx01473.jpg,1
xxx01474.jpg,0
xxx01475.jpg,1
xxx01476.jpg,1
xxx01477.jpg,1
xxx01478.jpg,1
xxx01479.jpg,0
xxx01480.jpg,0
xxx01481.jpg,0
xxx01482.jpg,1
xxx01483.jpg,0
xxx01484.jpg,0
xxx01485.jpg,1
xxx01486.jpg,1
xxx01487.jpg,0
xxx01488.jpg,0
xxx01489.jpg,0
xxx01490.jpg,1
xxx01491.jpg,1
xxx01492.jpg,0
xxx01493.jpg,1
xxx01494.jpg,0
xxx01495.jpg,1
xxx01496.jpg,1
xxx01497.jpg,0
xxx01498.jpg,1
xxx01499.jpg,2
xxx01500.jpg,1
xxx01501.jpg,1
xxx01502.jpg,1
xxx01503.jpg,1
xxx01504.jpg,0
xxx01505.jpg,1
xxx01506.jpg,1
xxx01507.jpg,1
xxx01508.jpg,1
xxx01509.jpg,0
xxx01510.jpg,0
xxx01511.jpg,1
xxx01512.jpg,1
xxx01513.jpg,0
xxx01514.jpg,1
xxx01515.jpg,1
xxx01516.jpg,1
xxx01517.jpg,1
xxx01518.jpg,1
xxx01519.jpg,0
xxx01520.jpg,1
xxx01521.jpg,1
xxx01522.jpg,1
xxx01523.jpg,1
xxx01524.jpg,1
xxx01525.jpg,1
xxx01526.jpg,0
xxx01527.jpg,1
xxx01528.jpg,1
xxx01529.jpg,1
xxx01530.jpg,1
xxx01531.jpg,1
xxx01532.jpg,1
xxx01533.jpg,0
xxx01534.jpg,1
xxx01535.jpg,1
xxx01536.jpg,0
xxx01537.jpg,1
xxx01538.jpg,0
xxx01539.jpg,0
xxx01540.jpg,1
xxx01541.jpg,1
xxx01542.jpg,1
xxx01543.jpg,0
xxx01544.jpg,1
xxx01545.jpg,1
xxx01546.jpg,1
xxx01547.jpg,1
xxx01548.jpg,1
xxx01549.jpg,1
xxx01550.jpg,0
xxx01551.jpg,1
xxx01552.jpg,1
xxx01553.jpg,0
xxx01554.jpg,0
xxx01555.jpg,0
xxx01556.jpg,0
xxx01557.jpg,1
xxx01558.jpg,1
xxx01559.jpg,1
xxx01560.jpg,2
xxx01561.jpg,1
xxx01562.jpg,1
xxx01563.jpg,1
xxx01564.jpg,1
xxx01565.jpg,1
xxx01566.jpg,0
xxx01567.jpg,0
xxx01568.jpg,0
xxx01569.jpg,1
xxx01570.jpg,1
xxx01571.jpg,0
xxx01572.jpg,0
xxx01573.jpg,1
xxx01574.jpg,0
xxx01575.jpg,1
xxx01576.jpg,1
xxx01577.jpg,1
xxx01578.jpg,1
xxx01579.jpg,0
xxx01580.jpg,0
xxx01581.jpg,1
xxx01582.jpg,0
xxx01583.jpg,1
xxx01584.jpg,0
xxx01585.jpg,1
xxx01586.jpg,0
xxx01587.jpg,1
xxx01588.jpg,0
xxx01589.jpg,0
xxx01590.jpg,1
xxx01591.jpg,0
xxx01592.jpg,1
xxx01593.jpg,1
xxx01594.jpg,0
xxx01595.jpg,1
xxx01596.jpg,0
xxx01597.jpg,1
xxx01598.jpg,0
xxx01599.jpg,0
xxx01600.jpg,1
xxx01601.jpg,0
xxx01602.jpg,1
xxx01603.jpg,0
xxx01604.jpg,1
xxx01605.jpg,1
xxx01606.jpg,1
xxx01607.jpg,0
xxx01608.jpg,1
xxx01609.jpg,1
xxx01610.jpg,1
xxx01611.jpg,0
xxx01612.jpg,0
xxx01613.jpg,1
xxx01614.jpg,0
xxx01615.jpg,1
xxx01616.jpg,1
xxx01617.jpg,1
xxx01618.jpg,1
xxx01619.jpg,1
xxx01620.jpg,0
xxx01621.jpg,0
xxx01622.jpg,0
xxx01623.jpg,0
xxx01624.jpg,1
xxx01625.jpg,1
xxx01626.jpg,1
xxx01627.jpg,1
xxx01628.jpg,0
xxx01629.jpg,1
xxx01630.jpg,1
xxx01631.jpg,1
xxx01632.jpg,1
xxx01633.jpg,1
xxx01634.jpg,1
xxx01635.jpg,0
xxx01636.jpg,0
xxx01637.jpg,0
xxx01638.jpg,0
xxx01639.jpg,0
xxx01640.jpg,1
xxx01641.jpg,0
xxx01642.jpg,1
xxx01643.jpg,0
xxx01644.jpg,1
xxx01645.jpg,1
xxx01646.jpg,0
xxx01647.jpg,1
xxx01648.jpg,0
xxx01649.jpg,0
xxx01650.jpg,1
xxx01651.jpg,0
xxx01652.jpg,0
xxx01653.jpg,1
xxx01654.jpg,1
xxx01655.jpg,0
xxx01656.jpg,1
xxx01657.jpg,1
xxx01658.jpg,1
xxx01659.jpg,0
xxx01660.jpg,1
xxx01661.jpg,0
xxx01662.jpg,0
xxx01663.jpg,0
xxx01664.jpg,0
xxx01665.jpg,0
xxx01666.jpg,1
xxx01667.jpg,0
xxx01668.jpg,0
xxx01669.jpg,1
xxx01670.jpg,1
xxx01671.jpg,0
xxx01672.jpg,1
xxx01673.jpg,1
xxx01674.jpg,0
xxx01675.jpg,1
xxx01676.jpg,1
xxx01677.jpg,1
xxx01678.jpg,1
xxx01679.jpg,1
xxx01680.jpg,1
xxx01681.jpg,1
xxx01682.jpg,1
xxx01683.jpg,1
xxx01684.jpg,0
xxx01685.jpg,1
xxx01686.jpg,1
xxx01687.jpg,1
xxx01688.jpg,1
xxx01689.jpg,0
xxx01690.jpg,1
xxx01691.jpg,1
xxx01692.jpg,1
xxx01693.jpg,0
xxx01694.jpg,0
xxx01695.jpg,1
xxx01696.jpg,0
xxx01697.jpg,1
xxx01698.jpg,1
xxx01699.jpg,0
xxx01700.jpg,1
xxx01701.jpg,0
xxx01702.jpg,0
xxx01703.jpg,1
xxx01704.jpg,0
xxx01705.jpg,0
xxx01706.jpg,0
xxx01707.jpg,0
xxx01708.jpg,2
xxx01709.jpg,0
xxx01710.jpg,1
xxx01711.jpg,0
xxx01712.jpg,1
xxx01713.jpg,1
xxx01714.jpg,1
xxx01715.jpg,1
xxx01716.jpg,0
xxx01717.jpg,0
xxx01718.jpg,1
xxx01719.jpg,1
xxx01720.jpg,1
xxx01721.jpg,0
xxx01722.jpg,1
xxx01723.jpg,1
xxx01724.jpg,0
xxx01725.jpg,0
xxx01726.jpg,1
xxx01727.jpg,0
xxx01728.jpg,1
xxx01729.jpg,1
xxx01730.jpg,1
xxx01731.jpg,1
xxx01732.jpg,1
xxx01733.jpg,1
xxx01734.jpg,0
xxx01735.jpg,1
xxx01736.jpg,1
xxx01737.jpg,1
xxx01738.jpg,0
xxx01739.jpg,1
xxx01740.jpg,1
xxx01741.jpg,0
xxx01742.jpg,0
xxx01743.jpg,1
xxx01744.jpg,0
xxx01745.jpg,1
xxx01746.jpg,0
xxx01747.jpg,0
xxx01748.jpg,0
xxx01749.jpg,1
xxx01750.jpg,1
xxx01751.jpg,1
xxx01752.jpg,0
xxx01753.jpg,1
xxx01754.jpg,1
xxx01755.jpg,0
xxx01756.jpg,2
xxx01757.jpg,0
xxx01758.jpg,0
xxx01759.jpg,1
xxx01760.jpg,1
xxx01761.jpg,0
xxx01762.jpg,0
xxx01763.jpg,0
xxx01764.jpg,0
xxx01765.jpg,0
xxx01766.jpg,0
xxx01767.jpg,0
xxx01768.jpg,1
xxx01769.jpg,1
xxx01770.jpg,1
xxx01771.jpg,0
xxx01772.jpg,1
xxx01773.jpg,1
xxx01774.jpg,1
xxx01775.jpg,1
xxx01776.jpg,0
xxx01777.jpg,1
xxx01778.jpg,0
xxx01779.jpg,1
xxx01780.jpg,0
xxx01781.jpg,1
xxx01782.jpg,1
xxx01783.jpg,1
xxx01784.jpg,2
xxx01785.jpg,1
xxx01786.jpg,0
xxx01787.jpg,1
xxx01788.jpg,1
xxx01789.jpg,0
xxx01790.jpg,0
xxx01791.jpg,1
xxx01792.jpg,1
xxx01793.jpg,1
xxx01794.jpg,1
xxx01795.jpg,1
xxx01796.jpg,1
xxx01797.jpg,1
xxx01798.jpg,1
xxx01799.jpg,1
xxx01800.jpg,0
xxx01801.jpg,1
xxx01802.jpg,1
xxx01803.jpg,0
xxx01804.jpg,2
xxx01805.jpg,1
xxx01806.jpg,1
xxx01807.jpg,0
xxx01808.jpg,0
xxx01809.jpg,1
xxx01810.jpg,1
xxx01811.jpg,0
xxx01812.jpg,1
xxx01813.jpg,1
xxx01814.jpg,0
xxx01815.jpg,0
xxx01816.jpg,0
xxx01817.jpg,1
xxx01818.jpg,0
xxx01819.jpg,0
xxx01820.jpg,2
xxx01821.jpg,2
xxx01822.jpg,1
xxx01823.jpg,1
xxx01824.jpg,0
xxx01825.jpg,0
xxx01826.jpg,1
xxx01827.jpg,0
xxx01828.jpg,1
xxx01829.jpg,1
xxx01830.jpg,0
xxx01831.jpg,1
xxx01832.jpg,0
xxx01833.jpg,1
xxx01834.jpg,0
xxx01835.jpg,1
xxx01836.jpg,1
xxx01837.jpg,1
xxx01838.jpg,0
xxx01839.jpg,0
xxx01840.jpg,0
xxx01841.jpg,0
xxx01842.jpg,0
xxx01843.jpg,1
xxx01844.jpg,1
xxx01845.jpg,1
xxx01846.jpg,0
xxx01847.jpg,1
xxx01848.jpg,1
xxx01849.jpg,1
xxx01850.jpg,0
xxx01851.jpg,1
xxx01852.jpg,1
xxx01853.jpg,0
xxx01854.jpg,1
xxx01855.jpg,0
xxx01856.jpg,0
xxx01857.jpg,1
xxx01858.jpg,1
xxx01859.jpg,1
xxx01860.jpg,0
xxx01861.jpg,0
xxx01862.jpg,0
xxx01863.jpg,1
xxx01864.jpg,1
xxx01865.jpg,1
xxx01866.jpg,0
xxx01867.jpg,0
xxx01868.jpg,0
xxx01869.jpg,1
xxx01870.jpg,1
xxx01871.jpg,1
xxx01872.jpg,1
xxx01873.jpg,1
xxx01874.jpg,1
xxx01875.jpg,1
xxx01876.jpg,0
xxx01877.jpg,0
xxx01878.jpg,1
xxx01879.jpg,0
xxx01880.jpg,1
xxx01881.jpg,1
xxx01882.jpg,1
xxx01883.jpg,0
xxx01884.jpg,1
xxx01885.jpg,0
xxx01886.jpg,1
xxx01887.jpg,0
xxx01888.jpg,0
xxx01889.jpg,0
xxx01890.jpg,0
xxx01891.jpg,1
xxx01892.jpg,1
xxx01893.jpg,1
xxx01894.jpg,1
xxx01895.jpg,1
xxx01896.jpg,1
xxx01897.jpg,1
xxx01898.jpg,1
xxx01899.jpg,1
xxx01900.jpg,1
xxx01901.jpg,1
xxx01902.jpg,1
xxx01903.jpg,1
xxx01904.jpg,0
xxx01905.jpg,1
xxx01906.jpg,1
xxx01907.jpg,0
xxx01908.jpg,1
xxx01909.jpg,1
xxx01910.jpg,1
xxx01911.jpg,1
xxx01912.jpg,0
xxx01913.jpg,1
xxx01914.jpg,1
xxx01915.jpg,1
xxx01916.jpg,0
xxx01917.jpg,1
xxx01918.jpg,0
xxx01919.jpg,0
xxx01920.jpg,1
xxx01921.jpg,0
xxx01922.jpg,0
xxx01923.jpg,1
xxx01924.jpg,1
xxx01925.jpg,0
xxx01926.jpg,0
xxx01927.jpg,0
xxx01928.jpg,1
xxx01929.jpg,1
xxx01930.jpg,1
xxx01931.jpg,1
xxx01932.jpg,1
xxx01933.jpg,1
xxx01934.jpg,1
xxx01935.jpg,1
xxx01936.jpg,1
xxx01937.jpg,0
xxx01938.jpg,1
xxx01939.jpg,1
xxx01940.jpg,0
xxx01941.jpg,0
xxx01942.jpg,0
xxx01943.jpg,1
xxx01944.jpg,1
xxx01945.jpg,0
xxx01946.jpg,1
xxx01947.jpg,0
xxx01948.jpg,0
xxx01949.jpg,1
xxx01950.jpg,0
xxx01951.jpg,1
xxx01952.jpg,0
xxx01953.jpg,1
xxx01954.jpg,0
xxx01955.jpg,1
xxx01956.jpg,1
xxx01957.jpg,0
xxx01958.jpg,0
xxx01959.jpg,1
xxx01960.jpg,1
xxx01961.jpg,1
xxx01962.jpg,0
xxx01963.jpg,1
xxx01964.jpg,0
xxx01965.jpg,0
xxx01966.jpg,1
xxx01967.jpg,1
xxx01968.jpg,0
xxx01969.jpg,1
xxx01970.jpg,1
xxx01971.jpg,0
xxx01972.jpg,1
xxx01973.jpg,0
xxx01974.jpg,0
xxx01975.jpg,1
xxx01976.jpg,1
xxx01977.jpg,1
xxx01978.jpg,1
xxx01979.jpg,1
xxx01980.jpg,1
xxx01981.jpg,0
xxx01982.jpg,0
xxx01983.jpg,1
xxx01984.jpg,1
xxx01985.jpg,1
xxx01986.jpg,1
xxx01987.jpg,1
xxx01988.jpg,1
xxx01989.jpg,2
xxx01990.jpg,1
xxx01991.jpg,1
xxx01992.jpg,0
xxx01993.jpg,0
xxx01994.jpg,1
xxx01995.jpg,1
xxx01996.jpg,1
xxx01997.jpg,1
xxx01998.jpg,0
xxx01999.jpg,0
xxx02000.jpg,1
xxx02001.jpg,0
xxx02002.jpg,0
xxx02003.jpg,0
xxx02004.jpg,0
xxx02005.jpg,1
xxx02006.jpg,1
xxx02007.jpg,0
xxx02008.jpg,1
xxx02009.jpg,1
xxx02010.jpg,1
xxx02011.jpg,1
xxx02012.jpg,0
xxx02013.jpg,1
xxx02014.jpg,0
xxx02015.jpg,0
xxx02016.jpg,1
xxx02017.jpg,1
xxx02018.jpg,1
xxx02019.jpg,0
xxx02020.jpg,1
xxx02021.jpg,1
xxx02022.jpg,1
xxx02023.jpg,1
xxx02024.jpg,0
xxx02025.jpg,1
xxx02026.jpg,0
xxx02027.jpg,1
xxx02028.jpg,1
xxx02029.jpg,0
xxx02030.jpg,1
xxx02031.jpg,0
xxx02032.jpg,0
xxx02033.jpg,2
xxx02034.jpg,0
xxx02035.jpg,0
xxx02036.jpg,0
xxx02037.jpg,1
xxx02038.jpg,1
xxx02039.jpg,0
xxx02040.jpg,2
xxx02041.jpg,1
xxx02042.jpg,0
xxx02043.jpg,1
xxx02044.jpg,1
xxx02045.jpg,0
xxx02046.jpg,0
xxx02047.jpg,1
xxx02048.jpg,1
xxx02049.jpg,0
xxx02050.jpg,1
xxx02051.jpg,0
xxx02052.jpg,1
xxx02053.jpg,0
xxx02054.jpg,1
xxx02055.jpg,0
xxx02056.jpg,1
xxx02057.jpg,1
xxx02058.jpg,1
xxx02059.jpg,1
xxx02060.jpg,1
xxx02061.jpg,0
xxx02062.jpg,1
xxx02063.jpg,1
xxx02064.jpg,0
xxx02065.jpg,1
xxx02066.jpg,0
xxx02067.jpg,0
xxx02068.jpg,1
xxx02069.jpg,1
xxx02070.jpg,1
xxx02071.jpg,0
xxx02072.jpg,1
xxx02073.jpg,1
xxx02074.jpg,0
xxx02075.jpg,1
xxx02076.jpg,1
xxx02077.jpg,1
xxx02078.jpg,1
xxx02079.jpg,0
xxx02080.jpg,0
xxx02081.jpg,0
xxx02082.jpg,1
xxx02083.jpg,1
xxx02084.jpg,0
xxx02085.jpg,1
xxx02086.jpg,0
xxx02087.jpg,0
xxx02088.jpg,0
xxx02089.jpg,1
xxx02090.jpg,1
xxx02091.jpg,0
xxx02092.jpg,1
xxx02093.jpg,1
xxx02094.jpg,2
xxx02095.jpg,1
xxx02096.jpg,1
xxx02097.jpg,0
xxx02098.jpg,1
xxx02099.jpg,0
xxx02100.jpg,1
xxx02101.jpg,0
xxx02102.jpg,0
xxx02103.jpg,0
xxx02104.jpg,1
xxx02105.jpg,0
xxx02106.jpg,1
xxx02107.jpg,0
xxx02108.jpg,1
xxx02109.jpg,1
xxx02110.jpg,1
xxx02111.jpg,0
xxx02112.jpg,1
xxx02113.jpg,0
xxx02114.jpg,1
xxx02115.jpg,1
xxx02116.jpg,1
xxx02117.jpg,1
xxx02118.jpg,0
xxx02119.jpg,1
xxx02120.jpg,1
xxx02121.jpg,0
